Id,date,TotalSteps,TotalDistance,TrackerDistance,LoggedActivitiesDistance,VeryActiveDistance,ModeratelyActiveDistance,LightActiveDistance,SedentaryActiveDistance,VeryActiveMinutes,FairlyActiveMinutes,LightlyActiveMinutes,SedentaryMinutes,Calories,TotalSleepRecords,TotalMinutesAsleep,TotalTimeInBed,active_distance_rate,negative_distance_rate
1503960366,2016-04-12,13162,8.5,8.5,0.0,1.87999999523163,0.550000011920929,6.05999994277954,0.0,25,13,328,728,1985,1,327,346,0.28588235378265403,0.7129411697387694
1503960366,2016-04-13,10735,6.96999979019165,6.96999979019165,0.0,1.57000005245209,0.689999997615814,4.71000003814697,0.0,21,19,217,776,1797,2,384,407,0.32424678882318336,0.6757532539348128
1503960366,2016-04-15,9762,6.28000020980835,6.28000020980835,0.0,2.14000010490417,1.25999999046326,2.82999992370605,0.0,29,34,209,726,1745,1,412,442,0.5414012709835864,0.45063691547112456
1503960366,2016-04-16,12669,8.15999984741211,8.15999984741211,0.0,2.71000003814697,0.409999996423721,5.03999996185303,0.0,36,10,221,773,1863,2,340,367,0.38235295256288254,0.6176470656983447
1503960366,2016-04-17,9705,6.48000001907349,6.48000001907349,0.0,3.19000005722046,0.779999971389771,2.50999999046326,0.0,38,20,164,539,1728,1,700,712,0.6126543235995022,0.38734567640049783
1503960366,2016-04-19,15506,9.88000011444092,9.88000011444092,0.0,3.52999997138977,1.32000005245209,5.03000020980835,0.0,50,31,264,775,2035,1,304,320,0.4908906849862225,0.509109327079495
1503960366,2016-04-20,10544,6.67999982833862,6.67999982833862,0.0,1.96000003814697,0.479999989271164,4.23999977111816,0.0,28,12,205,818,1786,1,360,377,0.3652694745689814,0.6347305209695923
1503960366,2016-04-21,9819,6.34000015258789,6.34000015258789,0.0,1.3400000333786,0.349999994039536,4.65000009536743,0.0,19,8,211,838,1775,1,325,364,0.26656151210474405,0.733438483194574
1503960366,2016-04-23,14371,9.03999996185303,9.03999996185303,0.0,2.80999994277954,0.870000004768372,5.3600001335144,0.0,41,21,262,732,1949,1,361,384,0.40707964193327073,0.5929203712535969
1503960366,2016-04-24,10039,6.40999984741211,6.40999984741211,0.0,2.92000007629395,0.209999993443489,3.27999997138977,0.0,39,5,238,709,1788,1,430,449,0.4882995544845613,0.5117004757362037
1503960366,2016-04-25,15355,9.80000019073486,9.80000019073486,0.0,5.28999996185303,0.569999992847443,3.94000005722046,0.0,73,14,216,814,2013,1,277,323,0.5979591674131444,0.4020408143405369
1503960366,2016-04-26,13755,8.78999996185303,8.78999996185303,0.0,2.32999992370605,0.920000016689301,5.53999996185303,0.0,31,23,279,833,1970,1,245,274,0.36973833384525007,0.6302616593737888
1503960366,2016-04-28,13154,8.52999973297119,8.52999973297119,0.0,3.53999996185303,1.1599999666214,3.78999996185303,0.0,48,28,189,782,1898,1,366,393,0.5509964918647559,0.44431419466561795
1503960366,2016-04-29,11181,7.15000009536743,7.15000009536743,0.0,1.05999994277954,0.5,5.57999992370605,0.0,16,12,243,815,1837,1,341,354,0.2181818072688254,0.7804195593397822
1503960366,2016-04-30,14673,9.25,9.25,0.0,3.55999994277954,1.41999995708466,4.26999998092651,0.0,52,34,217,712,1947,1,404,425,0.5383783675528865,0.4616216195596227
1503960366,2016-05-01,10602,6.80999994277954,6.80999994277954,0.0,2.28999996185303,1.60000002384186,2.92000007629395,0.0,33,35,246,730,1820,1,369,396,0.5712187985874144,0.42878121891762244
1503960366,2016-05-02,14727,9.71000003814697,9.71000003814697,0.0,3.21000003814697,0.569999992847443,5.92000007629395,0.0,41,15,277,798,2004,1,277,309,0.3892893940416274,0.6096807469656514
1503960366,2016-05-03,15103,9.65999984741211,9.65999984741211,0.0,3.73000001907349,1.04999995231628,4.88000011444092,0.0,50,24,254,816,1990,1,273,296,0.4948240214175904,0.5051760032634224
1503960366,2016-05-05,14070,8.89999961853027,8.89999961853027,0.0,2.92000007629395,1.08000004291534,4.88000011444092,0.0,45,24,250,857,1959,1,247,264,0.4494382349052104,0.5483146431018381
1503960366,2016-05-06,12159,8.02999973297119,8.02999973297119,0.0,1.97000002861023,0.25,5.80999994277954,0.0,24,6,289,754,1896,1,334,367,0.27646327552103234,0.72353675416995
1503960366,2016-05-07,11992,7.71000003814697,7.71000003814697,0.0,2.46000003814697,2.11999988555908,3.13000011444092,0.0,37,46,175,833,1821,1,331,349,0.5940337096038214,0.4059662903961785
1503960366,2016-05-08,10060,6.57999992370605,6.57999992370605,0.0,3.52999997138977,0.319999992847443,2.73000001907349,0.0,44,8,203,574,1740,1,594,611,0.5851063843278557,0.4148936247306023
1503960366,2016-05-09,12022,7.71999979019165,7.71999979019165,0.0,3.45000004768372,0.529999971389771,3.74000000953674,0.0,46,11,206,835,1819,1,338,342,0.515544057932505,0.4844559729507316
1503960366,2016-05-10,12207,7.76999998092651,7.76999998092651,0.0,3.34999990463257,1.1599999666214,3.25999999046326,0.0,46,31,214,746,1859,1,383,403,0.5804375652927851,0.4195624193649652
1503960366,2016-05-11,12770,8.13000011444092,8.13000011444092,0.0,2.55999994277954,1.00999999046326,4.55000019073486,0.0,36,23,251,669,1783,1,285,306,0.43911437675155557,0.5596556121386662
1644430081,2016-04-29,3176,2.30999994277954,2.30999994277954,0.0,0.0,0.0,2.30999994277954,0.0,0,0,120,1193,2498,1,119,127,0.0,1.0
1644430081,2016-04-30,18213,13.2399997711182,13.2399997711182,0.0,0.629999995231628,3.14000010490417,9.46000003814697,0.0,9,71,402,816,3846,1,124,142,0.2847432149024424,0.7145015258069007
1644430081,2016-05-02,3758,2.73000001907349,2.73000001907349,0.0,0.0700000002980232,0.310000002384186,2.34999990463257,0.0,1,7,148,682,2580,1,796,961,0.13919413920413598,0.8608058198586077
1644430081,2016-05-08,6724,4.8899998664856,4.8899998664856,0.0,0.0,0.0,4.88000011444092,0.0,0,0,295,991,2987,1,137,154,0.0,0.997955060875724
1844505072,2016-04-15,3844,2.53999996185303,2.53999996185303,0.0,0.0,0.0,2.53999996185303,0.0,0,0,176,527,1725,1,644,961,0.0,1.0
1844505072,2016-04-30,4014,2.67000007629395,2.67000007629395,0.0,0.0,0.0,2.65000009536743,0.0,0,0,184,218,1763,1,722,961,0.0,0.9925093706535466
1844505072,2016-05-01,2573,1.70000004768372,1.70000004768372,0.0,0.0,0.259999990463257,1.45000004768372,0.0,0,7,75,585,1541,1,590,961,0.15294116657085485,0.8529411805954774
1927972279,2016-04-12,678,0.469999998807907,0.469999998807907,0.0,0.0,0.0,0.469999998807907,0.0,0,0,55,734,2220,3,750,775,0.0,1.0
1927972279,2016-04-13,356,0.25,0.25,0.0,0.0,0.0,0.25,0.0,0,0,32,986,2151,1,398,422,0.0,1.0
1927972279,2016-04-15,980,0.680000007152557,0.680000007152557,0.0,0.0,0.0,0.680000007152557,0.0,0,0,51,941,2221,2,475,499,0.0,1.0
1927972279,2016-04-26,3761,2.59999990463257,2.59999990463257,0.0,0.0,0.0,2.59999990463257,0.0,0,0,192,1058,2638,1,296,315,0.0,1.0
1927972279,2016-04-28,1675,1.1599999666214,1.1599999666214,0.0,0.0,0.0,1.1599999666214,0.0,0,0,95,1167,2351,1,166,178,0.0,1.0
2026352035,2016-04-12,4414,2.74000000953674,2.74000000953674,0.0,0.189999997615814,0.349999994039536,2.20000004768372,0.0,3,8,181,706,1459,1,503,546,0.19708028823936002,0.8029197226374026
2026352035,2016-04-13,4993,3.09999990463257,3.09999990463257,0.0,0.0,0.0,3.09999990463257,0.0,0,0,238,663,1521,1,531,565,0.0,1.0
2026352035,2016-04-14,3335,2.0699999332428,2.0699999332428,0.0,0.0,0.0,2.04999995231628,0.0,0,0,197,653,1431,1,545,568,0.0,0.9903381731538569
2026352035,2016-04-15,3821,2.36999988555908,2.36999988555908,0.0,0.0,0.0,2.36999988555908,0.0,0,0,188,687,1444,1,523,573,0.0,1.0
2026352035,2016-04-16,2547,1.58000004291534,1.58000004291534,0.0,0.0,0.0,1.58000004291534,0.0,0,0,150,728,1373,1,524,567,0.0,1.0
2026352035,2016-04-17,838,0.519999980926514,0.519999980926514,0.0,0.0,0.0,0.519999980926514,0.0,0,0,60,1053,1214,1,437,498,0.0,1.0
2026352035,2016-04-19,2424,1.5,1.5,0.0,0.0,0.0,1.5,0.0,0,0,141,785,1356,1,498,540,0.0,1.0
2026352035,2016-04-20,7222,4.48000001907349,4.48000001907349,0.0,0.0,0.0,4.48000001907349,0.0,0,0,327,623,1667,1,461,510,0.0,1.0
2026352035,2016-04-21,2467,1.52999997138977,1.52999997138977,0.0,0.0,0.0,1.52999997138977,0.0,0,0,153,749,1370,1,477,514,0.0,1.0
2026352035,2016-04-22,2915,1.80999994277954,1.80999994277954,0.0,0.0,0.0,1.80999994277954,0.0,0,0,162,712,1399,1,520,545,0.0,1.0
2026352035,2016-04-23,12357,7.71000003814697,7.71000003814697,0.0,0.0,0.0,7.71000003814697,0.0,0,0,432,458,1916,1,522,554,0.0,1.0
2026352035,2016-04-24,3490,2.16000008583069,2.16000008583069,0.0,0.0,0.0,2.16000008583069,0.0,0,0,164,704,1401,1,555,591,0.0,1.0
2026352035,2016-04-25,6017,3.73000001907349,3.73000001907349,0.0,0.0,0.0,3.73000001907349,0.0,0,0,260,821,1576,1,506,531,0.0,1.0
2026352035,2016-04-27,6088,3.76999998092651,3.76999998092651,0.0,0.0,0.0,3.76999998092651,0.0,0,0,286,586,1593,1,508,545,0.0,1.0
2026352035,2016-04-28,6375,3.95000004768372,3.95000004768372,0.0,0.0,0.0,3.95000004768372,0.0,0,0,331,626,1649,1,513,545,0.0,1.0
2026352035,2016-04-29,7604,4.71000003814697,4.71000003814697,0.0,0.0,0.0,4.71000003814697,0.0,0,0,352,492,1692,1,490,510,0.0,1.0
2026352035,2016-04-30,4729,2.9300000667572,2.9300000667572,0.0,0.0,0.0,2.9300000667572,0.0,0,0,233,594,1506,1,573,607,0.0,1.0
2026352035,2016-05-01,3609,2.27999997138977,2.27999997138977,0.0,0.0,0.0,2.27999997138977,0.0,0,0,191,716,1447,1,527,546,0.0,1.0
2026352035,2016-05-02,7018,4.34999990463257,4.34999990463257,0.0,0.0,0.0,4.34999990463257,0.0,0,0,355,716,1690,1,511,543,0.0,1.0
2026352035,2016-05-04,6564,4.07000017166138,4.07000017166138,0.0,0.0,0.0,4.07000017166138,0.0,0,0,345,530,1658,1,538,560,0.0,1.0
2026352035,2016-05-05,12167,7.53999996185303,7.53999996185303,0.0,0.0,0.0,7.53999996185303,0.0,0,0,475,479,1926,1,468,485,0.0,1.0
2026352035,2016-05-06,8198,5.07999992370605,5.07999992370605,0.0,0.0,0.0,5.07999992370605,0.0,0,0,383,511,1736,1,524,548,0.0,1.0
2026352035,2016-05-07,4193,2.59999990463257,2.59999990463257,0.0,0.0,0.0,2.59999990463257,0.0,0,0,229,665,1491,1,511,521,0.0,1.0
2026352035,2016-05-08,5528,3.45000004768372,3.45000004768372,0.0,0.0,0.0,3.45000004768372,0.0,0,0,258,610,1555,1,541,568,0.0,1.0
2026352035,2016-05-09,10685,6.61999988555908,6.61999988555908,0.0,0.0,0.0,6.59999990463257,0.0,0,0,401,543,1869,1,531,556,0.0,0.9969788547927111
2026352035,2016-05-10,254,0.159999996423721,0.159999996423721,0.0,0.0,0.0,0.159999996423721,0.0,0,0,17,1002,1141,1,357,380,0.0,1.0
2026352035,2016-05-11,8580,5.32000017166138,5.32000017166138,0.0,0.0,0.0,5.32000017166138,0.0,0,0,330,569,1698,1,523,553,0.0,1.0
2026352035,2016-05-12,8891,5.51000022888184,5.51000022888184,0.0,0.0,0.0,5.51000022888184,0.0,0,0,343,330,1364,1,456,485,0.0,1.0
2320127002,2016-04-23,5079,3.42000007629395,3.42000007629395,0.0,0.0,0.0,3.42000007629395,0.0,0,0,242,1129,1804,1,61,69,0.0,1.0
2347167796,2016-04-13,10352,7.01000022888184,7.01000022888184,0.0,1.6599999666214,1.94000005722046,3.41000008583069,0.0,19,32,195,676,2038,1,467,531,0.5135520551068645,0.48644792788753105
2347167796,2016-04-14,10129,6.69999980926514,6.69999980926514,0.0,0.0199999995529652,2.74000000953674,3.94000005722046,0.0,1,48,206,705,2010,1,445,489,0.41194031159120637,0.5880597267737238
2347167796,2016-04-15,10465,6.92000007629395,6.92000007629395,0.0,0.0700000002980232,1.41999995708466,5.42999982833862,0.0,1,24,284,720,2133,1,452,504,0.2153179105426632,0.7846820474670705
2347167796,2016-04-17,5472,3.61999988555908,3.61999988555908,0.0,0.0799999982118607,0.280000001192093,3.25999999046326,0.0,1,7,249,508,1882,1,556,602,0.09944751679138648,0.900552512023016
2347167796,2016-04-18,8247,5.44999980926514,5.44999980926514,0.0,0.790000021457672,0.860000014305115,3.78999996185303,0.0,11,16,206,678,1944,1,500,557,0.3027523107354507,0.6954128613747714
2347167796,2016-04-19,6711,4.44000005722046,4.44000005722046,0.0,0.0,0.0,4.44000005722046,0.0,0,7,382,648,2346,1,465,514,0.0,1.0
2347167796,2016-04-21,10080,6.75,6.75,0.0,1.85000002384186,1.52999997138977,3.38000011444092,0.0,23,26,208,761,2048,1,460,484,0.5007407400343156,0.5007407576949512
2347167796,2016-04-22,7804,5.15999984741211,5.15999984741211,0.0,0.560000002384186,1.67999994754791,2.92000007629395,0.0,9,27,206,781,1946,1,405,461,0.4341085302658528,0.5658915043880117
2347167796,2016-04-23,16901,11.3699998855591,11.3699998855591,0.0,2.77999997138977,1.45000004768372,7.15000009536743,0.0,32,35,360,591,2629,1,374,386,0.37203166769121626,0.628847859923777
2347167796,2016-04-24,9471,6.26000022888184,6.26000022888184,0.0,0.0,0.0,6.26000022888184,0.0,0,0,360,584,2187,1,442,459,0.0,1.0
2347167796,2016-04-25,9482,6.38000011444092,6.38000011444092,0.0,1.26999998092651,0.519999980926514,4.59999990463257,0.0,15,11,277,653,2095,1,433,471,0.28056425231112736,0.7210031069154094
2347167796,2016-04-26,5980,3.95000004768372,3.95000004768372,0.0,0.0,0.0,3.95000004768372,0.0,0,0,227,732,1861,1,436,490,0.0,1.0
2347167796,2016-04-27,11423,7.57999992370605,7.57999992370605,0.0,1.86000001430511,0.400000005960464,5.32000017166138,0.0,26,9,295,623,2194,1,448,499,0.2981530399753096,0.7018469954100341
2347167796,2016-04-28,5439,3.59999990463257,3.59999990463257,0.0,0.0,0.0,3.59999990463257,0.0,0,0,229,764,1854,1,408,450,0.0,1.0
2347167796,2016-04-29,42,0.0299999993294477,0.0299999993294477,0.0,0.0,0.0,0.0299999993294477,0.0,0,0,4,2,403,1,411,473,0.0,1.0
3977333714,2016-04-12,8856,5.98000001907349,5.98000001907349,0.0,3.05999994277954,0.910000026226044,2.00999999046326,0.0,44,19,131,777,1450,1,274,469,0.6638795913617197,0.33612039867094834
3977333714,2016-04-13,10035,6.71000003814697,6.71000003814697,0.0,2.02999997138977,2.13000011444092,2.54999995231628,0.0,31,46,153,754,1495,2,295,456,0.6199702030075567,0.3800297969924434
3977333714,2016-04-14,7641,5.1100001335144,5.1100001335144,0.0,0.319999992847443,0.970000028610229,3.8199999332428,0.0,5,23,214,801,1433,1,291,397,0.2524461815562567,0.7475537834508034
3977333714,2016-04-15,9010,6.05999994277954,6.05999994277954,0.0,1.04999995231628,1.75,3.25999999046326,0.0,15,42,183,644,1468,1,424,556,0.4620462011146495,0.5379537988853504
3977333714,2016-04-16,13459,9.0,9.0,0.0,2.02999997138977,4.0,2.97000002861023,0.0,31,83,153,663,1625,1,283,510,0.6699999968210856,0.3300000031789144
3977333714,2016-04-17,10415,6.96999979019165,6.96999979019165,0.0,0.699999988079071,2.34999990463257,3.92000007629395,0.0,11,58,205,600,1529,1,381,566,0.4375896677936309,0.5624103578611678
3977333714,2016-04-18,11663,7.80000019073486,7.80000019073486,0.0,0.25,3.73000001907349,3.8199999332428,0.0,4,95,214,605,1584,2,412,522,0.5102564002243343,0.4897435692091832
3977333714,2016-04-19,12414,8.77999973297119,8.77999973297119,0.0,2.24000000953674,2.45000004768372,3.96000003814697,0.0,19,67,221,738,1638,1,219,395,0.5341685876832417,0.4510250750095284
3977333714,2016-04-20,11658,7.82999992370605,7.82999992370605,0.0,0.200000002980232,4.34999990463257,3.27999997138977,0.0,2,98,164,845,1554,2,152,305,0.5810983335820038,0.41890166070873974
3977333714,2016-04-21,6093,4.07999992370605,4.07999992370605,0.0,0.0,0.0,4.05999994277954,0.0,0,0,242,712,1397,1,332,512,0.0,0.9950980437988971
3977333714,2016-04-22,8911,5.96000003814697,5.96000003814697,0.0,2.32999992370605,0.579999983310699,3.05999994277954,0.0,33,12,188,731,1481,1,355,476,0.48825501483075495,0.5134228059050362
3977333714,2016-04-23,12058,8.06999969482422,8.06999969482422,0.0,0.0,4.21999979019165,3.84999990463257,0.0,0,92,252,724,1638,1,235,372,0.5229244051766435,0.4770755948233565
3977333714,2016-04-24,14112,10.0,10.0,0.0,3.26999998092651,4.55999994277954,2.17000007629395,0.0,30,95,129,660,1655,1,310,526,0.782999992370605,0.21700000762939503
3977333714,2016-04-25,11177,8.47999954223633,8.47999954223633,0.0,5.61999988555908,0.430000007152557,2.41000008583069,0.0,50,9,133,781,1570,1,262,467,0.713443422087278,0.28419813867055105
3977333714,2016-04-26,11388,7.61999988555908,7.61999988555908,0.0,0.449999988079071,4.21999979019165,2.95000004768372,0.0,7,95,170,797,1551,1,250,371,0.6128608724943679,0.3871391196835009
3977333714,2016-04-27,7193,5.03999996185303,5.03999996185303,0.0,0.0,0.419999986886978,4.61999988555908,0.0,0,10,176,714,1377,1,349,540,0.08333333136228017,0.9166666508982412
3977333714,2016-04-28,7114,4.88000011444092,4.88000011444092,0.0,1.37000000476837,0.28999999165535,3.22000002861023,0.0,15,8,190,804,1407,1,261,423,0.34016392571619825,0.6598360559627018
3977333714,2016-04-29,10645,7.75,7.75,0.0,3.74000000953674,1.29999995231628,2.71000003814697,0.0,36,32,150,744,1545,1,333,478,0.6503225757229704,0.34967742427702836
3977333714,2016-04-30,13238,9.19999980926514,9.19999980926514,0.0,3.69000005722046,2.09999990463257,3.41000008583069,0.0,43,52,194,687,1650,1,237,382,0.6293478349882176,0.37065219092684604
3977333714,2016-05-01,10414,7.07000017166138,7.07000017166138,0.0,2.67000007629395,1.98000001907349,2.41000008583069,0.0,41,40,124,691,1501,1,383,626,0.6577086255253565,0.34087694870088864
3977333714,2016-05-02,16520,11.0500001907349,11.0500001907349,0.0,1.53999996185303,6.48000001907349,3.01999998092651,0.0,24,143,176,713,1760,1,230,384,0.7257918409495644,0.2733031609771999
3977333714,2016-05-03,14335,9.59000015258789,9.59000015258789,0.0,3.3199999332428,1.74000000953674,4.53000020980835,0.0,47,41,258,594,1710,1,292,500,0.5276329366286906,0.47236706337130924
3977333714,2016-05-04,13559,9.4399995803833,9.4399995803833,0.0,1.80999994277954,4.57999992370605,2.89000010490417,0.0,14,96,142,852,1628,1,213,336,0.6769067956066722,0.30614409251772706
3977333714,2016-05-05,12312,8.57999992370605,8.57999992370605,0.0,1.75999999046326,4.1100001335144,2.71000003814697,0.0,14,88,178,680,1618,1,318,480,0.6841492046822967,0.3158508231054169
3977333714,2016-05-06,11677,8.27999973297119,8.27999973297119,0.0,3.10999989509583,2.50999999046326,2.67000007629395,0.0,29,55,168,676,1590,1,323,512,0.6787439694206866,0.32246378772959805
3977333714,2016-05-07,11550,7.73000001907349,7.73000001907349,0.0,0.0,4.13000011444092,3.58999991416931,0.0,0,86,208,703,1574,1,237,443,0.5342820315977098,0.4644243085784111
3977333714,2016-05-08,13585,9.09000015258789,9.09000015258789,0.0,0.680000007152557,5.23999977111816,3.17000007629395,0.0,9,116,171,688,1633,2,259,456,0.6512650911876293,0.3487348760265381
3977333714,2016-05-10,13072,8.77999973297119,8.77999973297119,0.0,0.0700000002980232,5.40000009536743,3.30999994277954,0.0,1,115,196,676,1630,1,312,452,0.6230068635565188,0.37699317123548726
4020332650,2016-04-12,8539,6.11999988555908,6.11999988555908,0.0,0.150000005960464,0.239999994635582,5.67999982833862,0.0,4,15,331,712,3654,1,501,541,0.06372549148510619,0.9281045644692419
4020332650,2016-04-16,1982,1.41999995708466,1.41999995708466,0.0,0.449999988079071,0.370000004768372,0.589999973773956,0.0,65,21,55,1222,3051,1,77,77,0.5774648011475644,0.41549295183449103
4020332650,2016-05-03,4496,3.22000002861023,3.22000002861023,0.0,0.0,0.0,3.15000009536743,0.0500000007450581,0,0,174,950,2828,1,322,332,0.0,0.9937888408943977
4020332650,2016-05-04,10252,7.34999990463257,7.34999990463257,0.0,0.670000016689301,1.03999996185303,5.57999992370605,0.0,13,46,346,531,3879,1,478,536,0.23265306132378985,0.7591836729397886
4020332650,2016-05-05,11728,8.43000030517578,8.43000030517578,0.0,2.61999988555908,1.67999994754791,4.03999996185303,0.0700000002980232,38,42,196,916,3429,1,226,248,0.5100829985103218,0.487544461846298
4020332650,2016-05-06,4369,3.13000011444092,3.13000011444092,0.0,0.0,0.0,3.09999990463257,0.0099999997764825,0,0,177,855,2704,1,385,408,0.0,0.9936101567729687
4020332650,2016-05-08,5862,4.19999980926514,4.19999980926514,0.0,0.0,0.0,4.15000009536743,0.0,0,0,263,775,3089,1,364,402,0.0,0.9880953056742022
4020332650,2016-05-10,5546,3.98000001907349,3.98000001907349,0.0,0.0,0.0,3.86999988555908,0.0399999991059303,0,0,206,774,2926,1,442,494,0.0,0.9824120266148202
4319703577,2016-04-14,10210,6.88000011444092,6.88000011444092,0.0,0.109999999403954,0.330000013113022,6.44000005722046,0.0,1,9,339,589,2302,1,535,557,0.0639534891276279,0.9360465043747728
4319703577,2016-04-15,5664,3.79999995231628,3.79999995231628,0.0,0.0,0.0,3.79999995231628,0.0,0,0,228,752,1985,1,465,491,0.0,1.0
4319703577,2016-04-16,4744,3.1800000667572,3.1800000667572,0.0,0.0,0.0,3.1800000667572,0.0,0,0,194,724,1884,1,506,522,0.0,1.0
4319703577,2016-04-18,2276,1.54999995231628,1.54999995231628,0.0,0.0700000002980232,0.330000013113022,1.12000000476837,0.0,1,9,58,824,1632,1,515,551,0.25806453272033686,0.7225806704669061
4319703577,2016-04-19,8925,5.98999977111816,5.98999977111816,0.0,0.0,0.0,5.98999977111816,0.0,0,0,311,604,2200,2,461,498,0.0,1.0
4319703577,2016-04-20,8954,6.01000022888184,6.01000022888184,0.0,0.0,0.680000007152557,5.30999994277954,0.0,0,18,306,671,2220,1,523,543,0.11314475561660185,0.8835274110742363
4319703577,2016-04-21,3702,2.48000001907349,2.48000001907349,0.0,0.0,0.0,0.349999994039536,0.0,0,0,34,1265,1792,1,59,65,0.0,0.14112902876923908
4319703577,2016-04-22,4500,3.01999998092651,3.01999998092651,0.0,0.0599999986588955,0.810000002384186,2.15000009536743,0.0,1,19,176,709,1886,1,533,550,0.2880794723634975,0.7119205658762383
4319703577,2016-04-23,4935,3.30999994277954,3.30999994277954,0.0,0.0,0.0,3.30999994277954,0.0,0,0,233,546,1945,1,692,722,0.0,1.0
4319703577,2016-04-24,4081,2.74000000953674,2.74000000953674,0.0,0.0599999986588955,0.200000002980232,2.47000002861023,0.0,1,5,191,692,1880,1,467,501,0.09489051121685452,0.9014598613187013
4319703577,2016-04-25,9259,6.21000003814697,6.21000003814697,0.0,0.0,0.280000001192093,5.92999982833862,0.0,0,8,390,544,2314,1,488,506,0.04508856674268934,0.9549113996637107
4319703577,2016-04-26,9899,6.6399998664856,6.6399998664856,0.0,0.569999992847443,0.920000016689301,5.15000009536743,0.0,8,21,288,649,2236,1,505,516,0.22439759630979736,0.7756024395966151
4319703577,2016-04-27,10780,7.23000001907349,7.23000001907349,0.0,0.409999996423721,1.91999995708466,4.90999984741211,0.0,6,47,300,680,2324,1,286,307,0.3222683191371507,0.6791147765503488
4319703577,2016-04-28,10817,7.28000020980835,7.28000020980835,0.0,1.00999999046326,0.330000013113022,5.94000005722046,0.0,13,8,359,552,2367,1,497,522,0.18406592925243312,0.8159340502789401
4319703577,2016-04-29,7990,5.3600001335144,5.3600001335144,0.0,0.449999988079071,0.790000021457672,4.11999988555908,0.0,6,18,289,624,2175,1,523,546,0.23134327959870968,0.7686566759202137
4319703577,2016-04-30,8221,5.51999998092651,5.51999998092651,0.0,0.400000005960464,1.61000001430511,3.50999999046326,0.0,6,38,196,695,2092,1,490,516,0.3641304397121036,0.635869565686868
4319703577,2016-05-01,1251,0.839999973773956,0.839999973773956,0.0,0.0,0.0,0.839999973773956,0.0,0,0,67,836,1593,1,484,500,0.0,1.0
4319703577,2016-05-02,9261,6.23999977111816,6.23999977111816,0.0,0.0,0.439999997615814,5.71000003814697,0.0,0,11,344,585,2270,1,478,506,0.0705128227171344,0.9150641422417524
4319703577,2016-05-03,9648,6.46999979019165,6.46999979019165,0.0,0.579999983310699,1.07000005245209,4.82999992370605,0.0,8,26,287,669,2235,1,474,512,0.25502319772315074,0.7465224235444649
4319703577,2016-05-06,9524,6.42000007629395,6.42000007629395,0.0,0.409999996423721,0.469999998807907,5.46000003814697,0.0,6,11,314,692,2266,1,450,491,0.13707164871867453,0.8504672855547448
4319703577,2016-05-07,7937,5.32999992370605,5.32999992370605,0.0,0.189999997615814,1.04999995231628,4.07999992370605,0.0,3,28,279,586,2158,1,507,530,0.23264539731360792,0.7654784206580529
4319703577,2016-05-08,3672,2.46000003814697,2.46000003814697,0.0,0.0,0.0,2.46000003814697,0.0,0,0,153,603,1792,1,602,638,0.0,1.0
4319703577,2016-05-09,10378,6.96000003814697,6.96000003814697,0.0,0.140000000596046,0.560000002384186,6.25,0.0,2,14,374,490,2345,1,535,565,0.10057471252063384,0.8979885008253534
4319703577,2016-05-10,9487,6.36999988555908,6.36999988555908,0.0,0.209999993443489,0.46000000834465,5.69999980926514,0.0,3,12,329,555,2260,1,487,517,0.10518053592230711,0.8948194523813346
4319703577,2016-05-11,9129,6.13000011444092,6.13000011444092,0.0,0.200000002980232,0.740000009536743,5.17999982833862,0.0,3,18,311,574,2232,1,529,558,0.15334420798827453,0.8450244260413129
4319703577,2016-05-12,17,0.0099999997764825,0.0099999997764825,0.0,0.0,0.0,0.0099999997764825,0.0,0,0,2,0,257,1,302,321,0.0,1.0
4388161847,2016-04-15,8758,6.73000001907349,6.73000001907349,0.0,0.0,0.0,6.73000001907349,0.0,0,0,299,837,3066,1,499,526,0.0,1.0
4388161847,2016-04-16,6580,5.05999994277954,5.05999994277954,0.0,0.209999993443489,0.400000005960464,4.44999980926514,0.0,6,9,253,609,3073,2,426,448,0.12055336092926319,0.8794466125666957
4388161847,2016-04-17,4660,3.57999992370605,3.57999992370605,0.0,0.0,0.0,3.57999992370605,0.0,0,0,201,721,2572,2,619,641,0.0,1.0
4388161847,2016-04-18,11009,9.10000038146973,9.10000038146973,0.0,3.55999994277954,0.400000005960464,5.1399998664856,0.0,27,8,239,1017,3274,1,99,104,0.4351648112898682,0.5648351264855052
4388161847,2016-04-19,10181,7.82999992370605,7.82999992370605,0.0,1.37000000476837,0.689999997615814,5.76999998092651,0.0,20,16,249,704,3015,1,329,338,0.26309067975177663,0.7369093278605662
4388161847,2016-04-20,10553,8.11999988555908,8.11999988555908,0.0,1.10000002384186,1.72000002861023,5.28999996185303,0.0,19,42,228,696,3083,1,421,451,0.3472906517483192,0.6514778369961518
4388161847,2016-04-21,10055,7.73000001907349,7.73000001907349,0.0,0.370000004768372,0.389999985694885,6.98000001907349,0.0,7,12,272,853,3069,1,442,458,0.09831823914462938,0.9029754206792493
4388161847,2016-04-22,12139,9.34000015258789,9.34000015258789,0.0,3.29999995231628,1.11000001430511,4.92000007629395,0.0,77,25,220,945,3544,1,82,85,0.47216272961189243,0.526766594851793
4388161847,2016-04-23,13236,10.1800003051758,10.1800003051758,0.0,4.5,0.319999992847443,5.34999990463257,0.0,58,5,215,749,3306,1,478,501,0.4734773917832613,0.5255402499263657
4388161847,2016-04-24,10243,7.88000011444092,7.88000011444092,0.0,1.08000004291534,0.509999990463257,6.30000019073486,0.0,14,8,239,584,2885,3,552,595,0.20177665105166137,0.7994923983807378
4388161847,2016-04-26,9461,7.28000020980835,7.28000020980835,0.0,0.939999997615814,1.05999994277954,5.26999998092651,0.0,14,23,224,673,2929,1,319,346,0.27472525862028857,0.7239010754184094
4388161847,2016-04-27,11193,8.60999965667725,8.60999965667725,0.0,0.699999988079071,2.50999999046326,5.3899998664856,0.0,11,48,241,684,3074,1,439,500,0.37282231202563443,0.6260162696180288
4388161847,2016-04-28,10074,7.75,7.75,0.0,1.28999996185303,0.430000007152557,6.03000020980835,0.0,19,9,234,878,2969,1,428,458,0.22193547987168863,0.7780645432010773
4388161847,2016-04-30,12533,9.64000034332275,9.64000034332275,0.0,0.699999988079071,2.0,6.94000005722046,0.0,14,43,300,537,3283,2,409,430,0.2800829763402711,0.7199169927444583
4388161847,2016-05-01,10255,7.8899998664856,7.8899998664856,0.0,1.00999999046326,0.680000007152557,6.19999980926514,0.0,12,15,241,579,2926,1,547,597,0.21419518709936106,0.7858048053461847
4388161847,2016-05-02,10096,8.39999961853027,8.39999961853027,0.0,3.76999998092651,0.0799999982118607,4.55000019073486,0.0,33,4,204,935,3147,2,368,376,0.4583333516641275,0.5416667139719422
4388161847,2016-05-04,12375,9.52000045776367,9.52000045776367,0.0,2.78999996185303,0.930000007152557,5.80000019073486,0.0,35,21,251,632,3162,1,390,414,0.39075628047600397,0.6092436882190371
4388161847,2016-05-05,9603,7.38000011444092,7.38000011444092,0.0,0.629999995231628,1.66999995708466,5.09000015258789,0.0,12,39,199,896,2899,1,471,495,0.31165310523718426,0.6897019069996977
4388161847,2016-05-05,9603,7.38000011444092,7.38000011444092,0.0,0.629999995231628,1.66999995708466,5.09000015258789,0.0,12,39,199,896,2899,1,471,495,0.31165310523718426,0.6897019069996977
4388161847,2016-05-07,22770,17.5400009155273,17.5400009155273,0.0,9.44999980926514,2.76999998092651,5.32999992370605,0.0,120,56,260,508,4022,1,472,496,0.6966932241932715,0.30387683269660853
4388161847,2016-05-08,17298,14.3800001144409,14.3800001144409,0.0,9.89000034332275,1.25999999046326,3.23000001907349,0.0,107,38,178,576,3934,2,529,541,0.7753824927017066,0.22461752387816816
4388161847,2016-05-09,10218,7.8600001335144,7.8600001335144,0.0,0.340000003576279,0.730000019073486,6.78999996185303,0.0,6,19,258,1020,3013,1,62,65,0.13613231609085757,0.8638676649509233
4388161847,2016-05-10,10299,7.92000007629395,7.92000007629395,0.0,0.810000002384186,0.649999976158142,6.46000003814697,0.0,13,14,267,648,3061,1,354,375,0.18434342985833832,0.8156565626158219
4388161847,2016-05-11,10201,7.84000015258789,7.84000015258789,0.0,0.529999971389771,0.790000021457672,6.53000020980835,0.0,8,18,256,858,2954,1,469,494,0.16836734274956958,0.8329081738158991
4445114986,2016-04-12,3276,2.20000004768372,2.20000004768372,0.0,0.0,0.0,2.20000004768372,0.0,0,0,196,787,2113,2,429,457,0.0,1.0
4445114986,2016-04-13,2961,1.99000000953674,1.99000000953674,0.0,0.0,0.0,1.99000000953674,0.0,0,0,194,840,2095,2,370,406,0.0,1.0
4445114986,2016-04-14,3974,2.67000007629395,2.67000007629395,0.0,0.0,0.0,2.67000007629395,0.0,0,0,231,717,2194,1,441,492,0.0,1.0
4445114986,2016-04-15,7198,4.82999992370605,4.82999992370605,0.0,0.0,0.0,4.82999992370605,0.0,0,0,350,711,2496,2,337,379,0.0,1.0
4445114986,2016-04-16,3945,2.65000009536743,2.65000009536743,0.0,0.0,0.0,2.65000009536743,0.0,0,0,225,716,2180,1,462,499,0.0,1.0
4445114986,2016-04-17,2268,1.51999998092651,1.51999998092651,0.0,0.0,0.0,1.51999998092651,0.0,0,0,114,1219,1933,1,98,107,0.0,1.0
4445114986,2016-04-19,2064,1.38999998569489,1.38999998569489,0.0,0.0,0.0,1.38999998569489,0.0,0,0,121,895,1954,2,388,424,0.0,1.0
4445114986,2016-04-20,2072,1.38999998569489,1.38999998569489,0.0,0.0,0.0,1.38999998569489,0.0,0,0,137,841,1974,1,439,462,0.0,1.0
4445114986,2016-04-21,3809,2.55999994277954,2.55999994277954,0.0,0.0,0.0,2.53999996185303,0.0,0,0,215,756,2150,1,436,469,0.0,0.9921875072759592
4445114986,2016-04-22,6831,4.57999992370605,4.57999992370605,0.0,0.0,0.0,4.57999992370605,0.0,0,0,317,706,2432,1,388,417,0.0,1.0
4445114986,2016-04-25,3385,2.26999998092651,2.26999998092651,0.0,0.0,0.0,2.26999998092651,0.0,0,0,179,916,2070,1,328,345,0.0,1.0
4445114986,2016-04-26,6326,4.40999984741211,4.40999984741211,0.0,2.41000008583069,0.0399999991059303,1.96000003814697,0.0,29,1,180,839,2291,2,353,391,0.5555555940380217,0.44444446847252006
4445114986,2016-04-27,7243,5.03000020980835,5.03000020980835,0.0,2.61999988555908,0.0299999993294477,2.38000011444092,0.0,32,1,194,839,2361,1,332,374,0.5268389213426089,0.4731610368126807
4445114986,2016-04-28,4493,3.00999999046326,3.00999999046326,0.0,0.0,0.0,3.00999999046326,0.0,0,0,236,762,2203,1,419,442,0.0,1.0
4445114986,2016-04-29,4676,3.14000010490417,3.14000010490417,0.0,0.0,0.0,3.13000011444092,0.0,0,0,226,1106,2196,1,106,108,0.0,0.9968152897677833
4445114986,2016-04-30,6222,4.17999982833862,4.17999982833862,0.0,0.0,0.0,4.17999982833862,0.0,0,0,290,797,2363,1,322,353,0.0,1.0
4445114986,2016-05-01,5232,3.50999999046326,3.50999999046326,0.0,0.0,0.0,3.50999999046326,0.0,0,0,240,741,2246,2,439,459,0.0,1.0
4445114986,2016-05-02,6910,4.75,4.75,0.0,2.21000003814697,0.189999997615814,2.34999990463257,0.0,27,4,200,667,2336,1,502,542,0.505263165423744,0.49473682202790953
4445114986,2016-05-03,7502,5.17999982833862,5.17999982833862,0.0,2.48000001907349,0.109999999403954,2.57999992370605,0.0,30,2,233,725,2421,2,417,450,0.500000020136706,0.49806949984659216
4445114986,2016-05-04,2923,1.96000003814697,1.96000003814697,0.0,0.0,0.0,1.96000003814697,0.0,0,0,180,897,2070,2,337,363,0.0,1.0
4445114986,2016-05-05,3800,2.54999995231628,2.54999995231628,0.0,0.119999997317791,0.239999994635582,2.1800000667572,0.0,2,6,185,734,2120,2,462,513,0.1411764700726244,0.8549020029498461
4445114986,2016-05-06,4514,3.02999997138977,3.02999997138977,0.0,0.0,0.0,3.02999997138977,0.0,0,0,229,809,2211,2,374,402,0.0,1.0
4445114986,2016-05-07,5183,3.58999991416931,3.58999991416931,0.0,2.13000011444092,0.189999997615814,1.25,0.0,26,4,108,866,2123,2,401,436,0.6462396009815946,0.3481894233663895
4445114986,2016-05-08,7303,4.90000009536743,4.90000009536743,0.0,0.0,0.25,4.65000009536743,0.0,0,8,308,733,2423,1,361,391,0.051020407170268345,0.9489795928297317
4445114986,2016-05-09,5275,3.53999996185303,3.53999996185303,0.0,0.0,0.0,3.53999996185303,0.0,0,0,266,641,2281,1,457,533,0.0,1.0
4445114986,2016-05-10,3915,2.63000011444092,2.63000011444092,0.0,0.0,0.0,2.63000011444092,0.0,0,0,231,783,2181,1,405,426,0.0,1.0
4445114986,2016-05-11,9105,6.1100001335144,6.1100001335144,0.0,2.25,1.0,2.85999989509583,0.0,34,22,232,622,2499,1,499,530,0.5319148819937322,0.4680850789852261
4445114986,2016-05-12,768,0.519999980926514,0.519999980926514,0.0,0.0,0.0,0.519999980926514,0.0,0,0,58,380,1212,1,483,501,0.0,1.0
4558609924,2016-04-21,13743,9.07999992370605,9.07999992370605,0.0,0.419999986886978,0.970000028610229,7.69999980926514,0.0,6,21,432,844,2486,1,126,137,0.15308370343354266,0.8480176072647306
4558609924,2016-04-26,9148,6.05000019073486,6.05000019073486,0.0,0.430000007152557,2.02999997138977,3.58999991416931,0.0,12,41,283,1062,2223,1,103,121,0.4066115538822032,0.5933883968577616
4558609924,2016-04-29,7833,5.17999982833862,5.17999982833862,0.0,1.01999998092651,1.85000002384186,2.30999994277954,0.0,15,29,197,1096,1918,1,171,179,0.5540540733355321,0.445945949677845
4558609924,2016-05-01,3428,2.26999998092651,2.26999998092651,0.0,0.0,0.0,2.26999998092651,0.0,0,0,190,1121,1692,1,115,129,0.0,1.0
4558609924,2016-05-08,6543,4.32999992370605,4.32999992370605,0.0,1.79999995231628,0.5,2.01999998092651,0.0,66,35,238,1019,2666,1,123,134,0.5311778274461741,0.46651270589344274
4702921684,2016-04-12,7213,5.88000011444092,5.88000011444092,0.0,0.0,0.0,5.84999990463257,0.0,0,0,263,718,2947,1,425,439,0.0,0.9948979236012817
4702921684,2016-04-13,6877,5.57999992370605,5.57999992370605,0.0,0.0,0.0,5.57999992370605,0.0,0,0,258,777,2898,2,400,430,0.0,1.0
4702921684,2016-04-14,7860,6.36999988555908,6.36999988555908,0.0,0.0,0.0,6.36999988555908,0.0,0,0,271,772,2984,1,384,415,0.0,1.0
4702921684,2016-04-15,6506,5.28000020980835,5.28000020980835,0.0,0.0700000002980232,0.419999986886978,4.78999996185303,0.0,1,8,256,944,2896,1,253,257,0.09280302418828633,0.9071969264233978
4702921684,2016-04-16,11140,9.02999973297119,9.02999973297119,0.0,0.239999994635582,1.25,7.53999996185303,0.0,3,24,335,556,3328,2,382,406,0.16500554138392198,0.8349944833688387
4702921684,2016-04-17,12692,10.289999961853,10.289999961853,0.0,0.959999978542328,3.46000003814697,5.88000011444092,0.0,12,66,302,437,3394,1,591,612,0.4295432490840703,0.5714285846685331
4702921684,2016-04-18,9105,7.38000011444092,7.38000011444092,0.0,1.82000005245209,1.49000000953674,4.07000017166138,0.0,22,30,191,890,3013,1,293,312,0.4485094865394298,0.5514905296135902
4702921684,2016-04-19,6708,5.44000005722046,5.44000005722046,0.0,0.879999995231628,0.370000004768372,4.19000005722046,0.0,10,8,179,757,2812,1,457,487,0.22977940934777877,0.7702205906522213
4702921684,2016-04-20,8793,7.13000011444092,7.13000011444092,0.0,0.159999996423721,1.23000001907349,5.73000001907349,0.0,2,29,260,717,3061,1,454,468,0.19495091068539266,0.8036465535909452
4702921684,2016-04-21,6530,5.30000019073486,5.30000019073486,0.0,0.310000002384186,2.04999995231628,2.94000005722046,0.0,4,41,144,901,2729,1,425,434,0.4452829942961277,0.5547169719653955
4702921684,2016-04-23,15126,12.2700004577637,12.2700004577637,0.0,0.759999990463257,3.24000000953674,8.27000045776367,0.0,9,66,408,469,3691,1,465,475,0.32599835784594805,0.6740016421540492
4702921684,2016-04-24,15050,12.2200002670288,12.2200002670288,0.0,1.20000004768372,5.11999988555908,5.88000011444092,0.0,15,95,281,542,3538,1,480,506,0.5171849259524984,0.4811783949224575
4702921684,2016-04-25,9167,7.42999982833862,7.42999982833862,0.0,0.490000009536743,0.819999992847443,6.1100001335144,0.0,6,15,270,730,3064,1,370,380,0.1763122520390566,0.8223418943040032
4702921684,2016-04-26,6108,4.94999980926514,4.94999980926514,0.0,0.0700000002980232,0.349999994039536,4.53999996185303,0.0,1,8,216,765,2784,1,421,429,0.08484848697396434,0.9171717448059907
4702921684,2016-04-27,7047,5.71999979019165,5.71999979019165,0.0,0.0900000035762787,0.800000011920929,4.78000020980835,0.0,1,16,238,733,2908,1,432,449,0.15559441401087673,0.8356644029961047
4702921684,2016-04-28,9023,7.32000017166138,7.32000017166138,0.0,1.12999999523163,0.419999986886978,5.76999998092651,0.0,14,9,232,738,3033,1,442,461,0.21174862647124953,0.7882513450292619
4702921684,2016-04-29,9930,8.05000019073486,8.05000019073486,0.0,1.05999994277954,0.920000016689301,6.07000017166138,0.0,12,19,267,692,3165,1,433,447,0.24596272205654354,0.7540372705391536
4702921684,2016-04-30,10144,8.22999954223633,8.22999954223633,0.0,0.319999992847443,2.02999997138977,5.88000011444092,0.0,4,36,263,728,3115,1,479,501,0.28554071627550176,0.7144593489057659
4702921684,2016-05-03,9454,7.67000007629395,7.67000007629395,0.0,0.0,0.0,7.67000007629395,0.0,0,0,313,729,3145,1,327,373,0.0,1.0
4702921684,2016-05-04,8161,6.61999988555908,6.61999988555908,0.0,0.340000003576279,0.730000019073486,5.53999996185303,0.0,4,15,251,757,3004,1,412,434,0.1616314261551381,0.8368580147468022
4702921684,2016-05-05,8614,6.98999977111816,6.98999977111816,0.0,0.670000016689301,0.219999998807907,6.09000015258789,0.0,8,5,241,745,3006,1,414,428,0.12732475602854543,0.8712446855507835
4702921684,2016-05-06,6943,5.63000011444092,5.63000011444092,0.0,0.0799999982118607,0.660000026226044,4.86999988555908,0.0,1,16,207,682,2859,1,404,449,0.13143872280567254,0.8650088430846665
4702921684,2016-05-07,14370,11.6499996185303,11.6499996185303,0.0,0.370000004768372,2.30999994277954,8.97000026702881,0.0,5,46,439,577,3683,1,520,543,0.23004292148517738,0.7699571296776073
4702921684,2016-05-07,14370,11.6499996185303,11.6499996185303,0.0,0.370000004768372,2.30999994277954,8.97000026702881,0.0,5,46,439,577,3683,1,520,543,0.23004292148517738,0.7699571296776073
4702921684,2016-05-09,8232,6.67999982833862,6.67999982833862,0.0,0.0,0.569999992847443,6.09999990463257,0.0,0,12,253,746,2990,1,435,458,0.08532934243940055,0.9131736618846139
4702921684,2016-05-10,10613,8.60999965667725,8.60999965667725,0.0,0.0799999982118607,1.87999999523163,6.65000009536743,0.0,1,37,262,701,3172,1,416,431,0.22764228473847456,0.7723577654512686
4702921684,2016-05-11,9810,7.96000003814697,7.96000003814697,0.0,0.779999971389771,2.16000008583069,4.98000001907349,0.0,10,41,235,784,3069,1,354,366,0.36934673908680926,0.6256281401014663
4702921684,2016-05-12,2752,2.23000001907349,2.23000001907349,0.0,0.0,0.0,2.23000001907349,0.0,0,0,68,241,1240,1,404,442,0.0,1.0
5553957443,2016-04-12,11596,7.57000017166138,7.57000017166138,0.0,1.37000000476837,0.790000021457672,5.40999984741211,0.0,19,13,277,767,2026,1,441,464,0.28533685300458705,0.7146631076264274
5553957443,2016-04-13,4832,3.16000008583069,3.16000008583069,0.0,0.0,0.0,3.16000008583069,0.0,0,0,226,647,1718,2,455,488,0.0,1.0
5553957443,2016-04-14,17022,11.1199998855591,11.1199998855591,0.0,4.0,2.45000004768372,4.67000007629395,0.0,61,41,256,693,2324,1,357,418,0.5800359814805359,0.41996403995998316
5553957443,2016-04-15,16556,10.8599996566772,10.8599996566772,0.0,4.15999984741211,1.98000001907349,4.71000003814697,0.0,58,38,239,689,2254,1,377,409,0.56537753780779,0.4337016746820114
5553957443,2016-04-16,5771,3.76999998092651,3.76999998092651,0.0,0.0,0.0,3.76999998092651,0.0,0,0,288,521,1831,2,651,686,0.0,1.0
5553957443,2016-04-17,655,0.430000007152557,0.430000007152557,0.0,0.0,0.0,0.430000007152557,0.0,0,0,46,943,1397,1,350,402,0.0,1.0
5553957443,2016-04-18,3727,2.4300000667572,2.4300000667572,0.0,0.0,0.0,2.4300000667572,0.0,0,0,206,622,1683,2,520,541,0.0,1.0
5553957443,2016-04-19,15482,10.1099996566772,10.1099996566772,0.0,4.28000020980835,1.6599999666214,4.17999982833862,0.0,69,28,249,756,2284,1,357,410,0.5875371293911614,0.4134520247562935
5553957443,2016-04-20,2713,1.76999998092651,1.76999998092651,0.0,0.0,0.0,1.76999998092651,0.0,0,0,148,598,1570,1,658,678,0.0,1.0
5553957443,2016-04-21,12346,8.0600004196167,8.0600004196167,0.0,2.95000004768372,2.16000008583069,2.96000003814697,0.0,47,42,177,801,2066,1,399,431,0.6339950207790958,0.3672456431817079
5553957443,2016-04-22,11682,7.63000011444092,7.63000011444092,0.0,1.37999999523163,0.629999995231628,5.59999990463257,0.0,25,16,270,781,2105,1,322,353,0.2634338086914352,0.733944930621132
5553957443,2016-04-23,4112,2.69000005722046,2.69000005722046,0.0,0.0,0.0,2.6800000667572,0.0,0,0,272,443,1776,2,631,725,0.0,0.9962825315053737
5553957443,2016-04-24,1807,1.17999994754791,1.17999994754791,0.0,0.0,0.0,1.17999994754791,0.0,0,0,104,582,1507,2,553,640,0.0,1.0
5553957443,2016-04-25,10946,7.19000005722046,7.19000005722046,0.0,2.9300000667572,0.569999992847443,3.69000005722046,0.0,51,11,201,732,2033,1,433,468,0.48678720886654453,0.5132127994233918
5553957443,2016-04-26,11886,7.76000022888184,7.76000022888184,0.0,2.36999988555908,0.930000007152557,4.46000003814697,0.0,40,18,238,750,2093,1,412,453,0.42525770558993176,0.5747422560050135
5553957443,2016-04-27,10538,6.88000011444092,6.88000011444092,0.0,1.13999998569489,1.0,4.73999977111816,0.0,16,16,206,745,1922,1,347,391,0.3110465043747735,0.6889534436444322
5553957443,2016-04-28,11393,7.63000011444092,7.63000011444092,0.0,3.71000003814697,0.75,3.17000007629395,0.0,49,13,165,727,1999,1,421,457,0.5845347275559998,0.4154652724440003
5553957443,2016-04-29,12764,8.32999992370605,8.32999992370605,0.0,2.78999996185303,0.639999985694885,4.90999984741211,0.0,46,15,270,709,2169,1,450,495,0.4117647033569113,0.5894357613904554
5553957443,2016-04-30,1202,0.779999971389771,0.779999971389771,0.0,0.0,0.0,0.779999971389771,0.0,0,0,84,506,1463,2,775,843,0.0,1.0
5553957443,2016-05-01,5164,3.36999988555908,3.36999988555908,0.0,0.0,0.0,3.36999988555908,0.0,0,0,237,436,1747,2,622,686,0.0,1.0
5553957443,2016-05-02,9769,6.38000011444092,6.38000011444092,0.0,1.05999994277954,0.409999996423721,4.90000009536743,0.0,23,9,227,724,1996,1,409,471,0.23040750984877956,0.7680250795413689
5553957443,2016-05-03,12848,8.39000034332275,8.39000034332275,0.0,1.5,1.20000004768372,5.67999982833862,0.0,26,29,247,812,2116,1,380,429,0.3218116730868238,0.6769963761514138
5553957443,2016-05-04,4249,2.76999998092651,2.76999998092651,0.0,0.0,0.0,2.76999998092651,0.0,0,0,224,651,1698,1,447,470,0.0,1.0
5553957443,2016-05-05,14331,9.51000022888184,9.51000022888184,0.0,3.4300000667572,1.6599999666214,4.42999982833862,0.0,44,29,241,692,2156,1,419,464,0.5352260684411223,0.4658254176361348
5553957443,2016-05-06,9632,6.28999996185303,6.28999996185303,0.0,1.51999998092651,0.540000021457672,4.23000001907349,0.0,21,9,229,761,1916,1,400,434,0.32750397692805505,0.6724960325480407
5553957443,2016-05-07,1868,1.22000002861023,1.22000002861023,0.0,0.0,0.0,1.22000002861023,0.0,0,0,96,902,1494,1,442,470,0.0,1.0
5553957443,2016-05-08,6083,4.0,4.0,0.0,0.219999998807907,0.469999998807907,3.29999995231628,0.0,3,8,210,505,1762,1,568,608,0.1724999994039535,0.82499998807907
5553957443,2016-05-09,11611,7.57999992370605,7.57999992370605,0.0,2.13000011444092,0.889999985694885,4.55999994277954,0.0,59,22,251,667,2272,1,453,494,0.3984169037641958,0.6015831119626243
5553957443,2016-05-10,16358,10.710000038147,10.710000038147,0.0,3.86999988555908,1.61000001430511,5.19999980926514,0.0,61,40,265,707,2335,1,418,443,0.5116713240285213,0.4855275248126725
5553957443,2016-05-11,4926,3.22000002861023,3.22000002861023,0.0,0.0,0.0,3.22000002861023,0.0,0,0,195,628,1693,1,463,486,0.0,1.0
5553957443,2016-05-12,3121,2.03999996185303,2.03999996185303,0.0,0.579999983310699,0.400000005960464,1.05999994277954,0.0,8,6,48,222,741,1,438,475,0.48039216058660217,0.5196078248044137
5577150313,2016-04-12,8135,6.07999992370605,6.07999992370605,0.0,3.59999990463257,0.379999995231628,2.09999990463257,0.0,86,16,140,728,3405,1,419,438,0.6546052549024044,0.3453947254908056
5577150313,2016-04-13,5077,3.78999996185303,3.78999996185303,0.0,0.319999992847443,0.219999998807907,3.25,0.0,15,11,144,776,2551,1,432,458,0.1424802103141262,0.8575197975492829
5577150313,2016-04-14,8596,6.42000007629395,6.42000007629395,0.0,3.32999992370605,0.310000002384186,2.77999997138977,0.0,118,30,176,662,4022,1,477,497,0.566978174896142,0.43302179725121914
5577150313,2016-04-15,12087,9.07999992370605,9.07999992370605,0.0,3.92000007629395,1.60000002384186,3.55999994277954,0.0,115,54,199,695,4005,1,392,413,0.6079295315547528,0.3920704815740249
5577150313,2016-04-16,14269,10.6599998474121,10.6599998474121,0.0,6.6399998664856,1.27999997138977,2.73000001907349,0.0,184,56,158,472,4274,1,406,445,0.7429643481465984,0.2560975664306641
5577150313,2016-04-17,12231,9.14000034332275,9.14000034332275,0.0,5.98000001907349,0.829999983310699,2.3199999332428,0.0,200,37,159,525,4552,1,549,583,0.745076558707052,0.2538293048246636
5577150313,2016-04-18,9893,7.3899998664856,7.3899998664856,0.0,4.8600001335144,0.720000028610229,1.82000005245209,0.0,114,32,130,623,3625,1,527,553,0.7550744604787473,0.2462787666216308
5577150313,2016-04-19,12574,9.42000007629395,9.42000007629395,0.0,7.01999998092651,0.639999985694885,1.75999999046326,0.0,108,23,111,733,3501,1,449,465,0.8131634718239853,0.18683651552110023
5577150313,2016-04-20,8330,6.21999979019165,6.21999979019165,0.0,4.11999988555908,0.340000003576279,1.75999999046326,0.0,87,16,113,773,3192,1,447,480,0.717041807005903,0.2829582073682081
5577150313,2016-04-21,10830,8.09000015258789,8.09000015258789,0.0,3.65000009536743,1.6599999666214,2.77999997138977,0.0,110,74,175,670,4018,1,414,437,0.6563658790896594,0.3436341061749526
5577150313,2016-04-22,9172,6.84999990463257,6.84999990463257,0.0,2.42000007629395,0.790000021457672,3.29999995231628,0.0,62,30,200,823,3329,1,338,366,0.46861315948059196,0.48175182456346183
5577150313,2016-04-23,7638,5.71000003814697,5.71000003814697,0.0,1.21000003814697,0.360000014305115,4.1399998664856,0.0,24,24,223,627,3152,1,384,402,0.27495622451196816,0.7250437546107492
5577150313,2016-04-24,15764,11.7799997329712,11.7799997329712,0.0,7.65000009536743,2.15000009536743,1.98000001907349,0.0,210,65,141,425,4392,1,543,615,0.8319185409916018,0.16808149948693474
5577150313,2016-04-25,6393,4.78000020980835,4.78000020980835,0.0,1.35000002384186,0.670000016689301,2.75999999046326,0.0,61,38,214,743,3374,1,421,461,0.4225941321898292,0.5774058304014008
5577150313,2016-04-26,5325,3.98000001907349,3.98000001907349,0.0,0.850000023841858,0.649999976158142,2.47000002861023,0.0,38,32,181,759,3088,1,354,377,0.3768844203043967,0.6206030192897398
5577150313,2016-04-27,6805,5.1399998664856,5.1399998664856,0.0,1.80999994277954,0.400000005960464,2.9300000667572,0.0,63,16,190,773,3294,1,424,452,0.4299610906898834,0.5700389383007017
5577150313,2016-04-28,9841,7.42999982833862,7.42999982833862,0.0,3.25,1.16999995708466,3.00999999046326,0.0,99,51,141,692,3580,1,361,372,0.5948856068914595,0.4051144091528611
5577150313,2016-04-29,7924,5.92000007629395,5.92000007629395,0.0,2.83999991416931,0.610000014305115,2.47000002861023,0.0,97,36,165,739,3544,1,459,485,0.5827702506778009,0.4172297291854942
5577150313,2016-04-30,12363,9.23999977111816,9.23999977111816,0.0,5.82999992370605,0.790000021457672,2.60999989509583,0.0,207,45,163,621,4501,1,412,433,0.7164502282625723,0.2824675281112032
5577150313,2016-05-01,13368,9.98999977111816,9.98999977111816,0.0,5.30999994277954,1.44000005722046,3.24000000953674,0.0,194,72,178,499,4546,1,379,398,0.6756756911561457,0.32432433270957856
5577150313,2016-05-02,7439,5.55999994277954,5.55999994277954,0.0,1.12000000476837,0.349999994039536,4.07000017166138,0.0,37,20,235,732,3014,2,525,553,0.26438849171516854,0.7320144268970471
5577150313,2016-05-03,11045,8.25,8.25,0.0,4.51999998092651,0.150000005960464,3.5699999332428,0.0,97,8,212,580,3795,1,508,543,0.5660606044711484,0.43272726463549094
5577150313,2016-05-04,5206,3.89000010490417,3.89000010490417,0.0,1.55999994277954,0.25,2.07999992370605,0.0,25,9,141,631,2755,1,603,634,0.46529560256249125,0.534704336147387
5577150313,2016-05-05,7550,5.6399998664856,5.6399998664856,0.0,2.5,0.469999998807907,2.67000007629395,0.0,45,21,143,1153,3004,1,74,78,0.5265957569354651,0.47340428005323376
5577150313,2016-05-10,8869,6.65000009536743,6.65000009536743,0.0,2.55999994277954,0.75,3.34999990463257,0.0,104,37,194,639,3841,1,504,562,0.49774434515954,0.5037593769308771
5577150313,2016-05-11,4038,3.03999996185303,3.03999996185303,0.0,1.83000004291534,0.300000011920929,0.889999985694885,0.0,45,15,63,257,1665,1,431,476,0.7006579215671862,0.29276315686280013
6117666160,2016-04-16,14450,10.9099998474121,10.9099998474121,0.0,0.579999983310699,0.850000023841858,9.47999954223633,0.0,7,15,518,502,2828,1,380,398,0.13107241312123016,0.8689275595622512
6117666160,2016-04-17,7150,5.40000009536743,5.40000009536743,0.0,0.0,0.0,5.40000009536743,0.0,0,0,312,702,2225,2,336,350,0.0,1.0
6117666160,2016-04-18,5153,3.91000008583069,3.91000008583069,0.0,0.0,0.0,3.89000010490417,0.0,0,0,241,759,2018,2,493,510,0.0,0.9948849154763456
6117666160,2016-04-19,11135,8.40999984741211,8.40999984741211,0.0,0.0,0.0,8.40999984741211,0.0,0,0,480,425,2606,1,465,492,0.0,1.0
6117666160,2016-04-20,10449,8.02000045776367,8.02000045776367,0.0,2.02999997138977,0.479999989271164,5.51999998092651,0.0,26,10,349,587,2536,1,474,502,0.31296755827877254,0.6882792600819538
6117666160,2016-04-21,19542,15.0100002288818,15.0100002288818,0.0,0.980000019073486,0.400000005960464,5.61999988555908,0.0,11,19,294,579,4900,1,508,550,0.09193870779419407,0.3744170419628137
6117666160,2016-04-22,8206,6.19999980926514,6.19999980926514,0.0,0.0,0.0,6.19999980926514,0.0,0,0,402,413,2409,1,480,546,0.0,1.0
6117666160,2016-04-23,11495,8.68000030517578,8.68000030517578,0.0,0.0,0.0,8.68000030517578,0.0,0,0,512,468,2651,1,492,539,0.0,1.0
6117666160,2016-04-24,7623,5.76000022888184,5.76000022888184,0.0,0.0,0.0,5.76000022888184,0.0,0,0,362,711,2305,1,353,367,0.0,1.0
6117666160,2016-04-27,9411,7.1100001335144,7.1100001335144,0.0,0.0,0.0,7.1100001335144,0.0,0,0,458,417,2576,1,542,557,0.0,1.0
6117666160,2016-04-28,3403,2.59999990463257,2.59999990463257,0.0,0.0,0.0,2.59999990463257,0.0,0,0,141,758,1879,1,393,416,0.0,1.0
6117666160,2016-04-29,9592,7.23999977111816,7.23999977111816,0.0,0.0,0.0,7.23999977111816,0.0,0,0,461,479,2560,1,600,636,0.0,1.0
6117666160,2016-05-01,8915,6.73000001907349,6.73000001907349,0.0,0.0,0.0,6.73000001907349,0.0,0,0,397,525,2361,1,507,575,0.0,1.0
6117666160,2016-05-05,9799,7.40000009536743,7.40000009536743,0.0,0.0,0.0,7.40000009536743,0.0,0,0,487,479,2636,1,392,415,0.0,1.0
6117666160,2016-05-06,3365,2.6800000667572,2.6800000667572,0.0,0.0,0.0,2.6800000667572,0.0,0,0,133,673,1838,2,658,698,0.0,1.0
6117666160,2016-05-07,7336,5.53999996185303,5.53999996185303,0.0,0.0,0.0,5.53999996185303,0.0,0,0,412,456,2469,2,498,507,0.0,1.0
6117666160,2016-05-08,7328,5.53000020980835,5.53000020980835,0.0,0.0,0.0,5.53000020980835,0.0,0,0,318,517,2250,1,555,603,0.0,1.0
6117666160,2016-05-09,4477,3.38000011444092,3.38000011444092,0.0,0.0,0.0,3.38000011444092,0.0,0,0,197,125,1248,1,492,522,0.0,1.0
6775888955,2016-04-13,4053,2.91000008583069,2.91000008583069,0.0,1.11000001430511,0.579999983310699,1.22000002861023,0.0,17,18,85,1053,2400,1,235,260,0.5807559957969489,0.4192439837203538
6775888955,2016-04-14,5162,3.70000004768372,3.70000004768372,0.0,0.870000004768372,0.860000014305115,1.97000002861023,0.0,14,24,105,863,2507,1,423,441,0.46756756669679084,0.5324324333032083
6775888955,2016-04-15,1282,0.920000016689301,0.920000016689301,0.0,0.0,0.0,0.920000016689301,0.0,0,0,58,976,2127,1,391,406,0.0,1.0
6962181067,2016-04-12,10199,6.73999977111816,6.73999977111816,0.0,3.40000009536743,0.829999983310699,2.50999999046326,0.0,50,14,189,796,1994,1,366,387,0.6275964721548316,0.3724035720622663
6962181067,2016-04-13,5652,3.74000000953674,3.74000000953674,0.0,0.569999992847443,1.21000003814697,1.96000003814697,0.0,8,24,142,548,1718,3,630,679,0.4759358359506783,0.524064179986392
6962181067,2016-04-14,1551,1.02999997138977,1.02999997138977,0.0,0.0,0.0,1.02999997138977,0.0,0,0,86,862,1466,2,508,535,0.0,1.0
6962181067,2016-04-15,5563,3.6800000667572,3.6800000667572,0.0,0.0,0.0,3.6800000667572,0.0,0,0,217,837,1756,1,370,386,0.0,1.0
6962181067,2016-04-16,13217,8.73999977111816,8.73999977111816,0.0,3.66000008583069,0.189999997615814,4.88000011444092,0.0,50,3,280,741,2173,1,357,366,0.44050345357777393,0.5583524304619738
6962181067,2016-04-17,10145,6.71000003814697,6.71000003814697,0.0,0.330000013113022,0.680000007152557,5.69000005722046,0.0,5,13,295,634,2027,1,427,446,0.1505216117024792,0.8479880812030229
6962181067,2016-04-18,11404,7.53999996185303,7.53999996185303,0.0,0.829999983310699,2.39000010490417,4.32000017166138,0.0,13,42,238,689,2039,1,442,458,0.427055716777951,0.572944322747675
6962181067,2016-04-19,10742,7.09999990463257,7.09999990463257,0.0,2.09999990463257,2.13000011444092,2.86999988555908,0.0,35,41,195,659,2046,1,476,535,0.5957746585761955,0.40422534142380445
6962181067,2016-04-20,13928,9.55000019073486,9.55000019073486,0.0,4.28000020980835,0.189999997615814,5.09000015258789,0.0,48,4,297,639,2174,1,418,424,0.4680628395966768,0.5329842985266182
6962181067,2016-04-21,11835,9.71000003814697,7.88000011444092,4.08169221878052,3.99000000953674,2.09999990463257,3.50999999046326,0.109999999403954,53,27,214,708,2179,1,451,457,0.6271884541960834,0.3728115319923361
6962181067,2016-04-22,10725,7.09000015258789,7.09000015258789,0.0,1.76999998092651,1.54999995231628,3.76999998092651,0.0,30,33,240,659,2086,1,425,435,0.4682651427067983,0.5317348236657568
6962181067,2016-04-23,20031,13.2399997711182,13.2399997711182,0.0,4.19999980926514,2.0,7.03999996185303,0.0,58,41,347,484,2571,1,528,546,0.4682779393085678,0.5317220606914299
6962181067,2016-04-24,5029,3.3199999332428,3.3199999332428,0.0,0.0,0.0,3.3199999332428,0.0,0,0,199,720,1705,1,511,514,0.0,1.0
6962181067,2016-04-25,13239,9.27000045776367,9.07999992370605,2.78517508506775,3.01999998092651,1.67999994754791,4.46000003814697,0.100000001490116,35,31,282,637,2194,1,400,415,0.5070118334825051,0.49190936509804206
6962181067,2016-04-26,10433,6.90000009536743,6.90000009536743,0.0,2.57999992370605,0.419999986886978,3.90000009536743,0.0,36,7,254,680,2012,1,441,446,0.4347825897288304,0.5652173973136376
6962181067,2016-04-27,10320,6.82000017166138,6.82000017166138,0.0,0.550000011920929,2.01999998092651,4.25,0.0,7,38,279,697,2034,1,455,467,0.37683283404102563,0.6231671397399221
6962181067,2016-04-28,12627,8.35000038146973,8.35000038146973,0.0,2.50999999046326,0.239999994635582,5.59000015258789,0.0,38,8,288,621,2182,1,440,453,0.3293413005347431,0.669461065533983
6962181067,2016-04-29,10762,7.1100001335144,7.1100001335144,0.0,0.819999992847443,0.479999989271164,5.80999994277954,0.0,12,15,369,645,2254,1,433,447,0.18284106296859243,0.817158907690163
6962181067,2016-04-30,10081,6.65999984741211,6.65999984741211,0.0,2.24000000953674,0.759999990463257,3.67000007629395,0.0,32,16,237,731,2002,1,422,424,0.45045046077076306,0.5510510751317824
6962181067,2016-05-01,5454,3.60999989509583,3.60999989509583,0.0,0.0,0.0,3.60999989509583,0.0,0,0,215,722,1740,1,411,426,0.0,1.0
6962181067,2016-05-02,12912,8.53999996185303,8.53999996185303,0.0,1.20000004768372,2.0,5.34000015258789,0.0,18,39,313,655,2162,1,466,482,0.3747072672104997,0.6252927607073671
6962181067,2016-05-03,12109,8.11999988555908,8.11999988555908,0.0,1.74000000953674,2.03999996185303,4.32999992370605,0.0,21,36,267,654,2072,1,394,418,0.46551724441674774,0.5332512296467748
6962181067,2016-05-04,10147,6.71000003814697,6.71000003814697,0.0,0.469999998807907,1.67999994754791,4.55000019073486,0.0,15,36,284,683,2086,1,442,455,0.3204172778141384,0.6780924239743201
6962181067,2016-05-05,10524,6.96000003814697,6.96000003814697,0.0,0.990000009536743,1.1599999666214,4.80999994277954,0.0,14,22,305,591,2066,1,467,491,0.3089080408583674,0.6910919420138616
6962181067,2016-05-06,5908,3.91000008583069,3.91000008583069,0.0,0.0,0.0,3.91000008583069,0.0,0,0,299,717,1850,1,443,462,0.0,1.0
6962181067,2016-05-07,6815,4.5,4.5,0.0,0.0,0.0,4.5,0.0,0,0,328,745,1947,1,298,334,0.0,1.0
6962181067,2016-05-08,4188,2.76999998092651,2.76999998092651,0.0,0.0,0.519999980926514,2.25,0.0,0,14,151,709,1659,1,541,569,0.18772562617584723,0.8122743738241541
6962181067,2016-05-09,12342,8.72000026702881,8.68000030517578,3.16782188415527,3.90000009536743,1.17999994754791,3.65000009536743,0.0,43,21,231,607,2105,1,489,497,0.5825687944211798,0.41857797977007455
6962181067,2016-05-10,15448,10.210000038147,10.210000038147,0.0,3.47000002861023,1.75,4.98999977111816,0.0,62,34,275,626,2361,1,469,481,0.5112634680810051,0.48873650856751505
6962181067,2016-05-11,6722,4.44000005722046,4.44000005722046,0.0,1.49000000953674,0.310000002384186,2.65000009536743,0.0,24,7,199,709,1855,1,452,480,0.4054054028656402,0.5968468606341392
6962181067,2016-05-12,3587,2.36999988555908,2.36999988555908,0.0,0.0,0.25,2.10999989509583,0.0,0,8,105,127,928,1,516,535,0.10548523716110869,0.8902953573763924
7007744171,2016-04-16,4631,3.09999990463257,3.09999990463257,0.0,0.0,0.0,3.09999990463257,0.0,0,0,203,1155,2076,1,79,82,0.0,1.0
7007744171,2016-05-01,5600,3.75,3.75,0.0,0.0,0.0,3.75,0.0,0,0,237,1142,2225,1,58,61,0.0,1.0
7086361926,2016-04-12,11317,8.40999984741211,8.40999984741211,0.0,5.26999998092651,0.150000005960464,2.97000002861023,0.0,59,6,153,745,2772,1,514,525,0.6444708781480887,0.35315102051091546
7086361926,2016-04-13,5813,3.61999988555908,3.61999988555908,0.0,0.560000002384186,0.209999993443489,2.83999991416931,0.0,31,26,155,744,2516,1,451,465,0.21270718789228765,0.7845303878319585
7086361926,2016-04-14,9123,6.11999988555908,6.11999988555908,0.0,2.02999997138977,0.330000013113022,3.66000008583069,0.0,35,32,189,787,2734,1,472,476,0.3856209197113733,0.5980392408939298
7086361926,2016-04-15,8585,5.67000007629395,5.67000007629395,0.0,2.03999996185303,1.11000001430511,2.52999997138977,0.0,30,21,139,864,2395,1,377,386,0.5555555438752405,0.44620810182483095
7086361926,2016-04-19,10688,7.28999996185303,7.28999996185303,0.0,3.52999997138977,1.23000001907349,2.50999999046326,0.0,67,69,124,671,2944,1,472,483,0.6529492476503835,0.34430727072668577
7086361926,2016-04-20,14365,10.6400003433228,10.6400003433228,0.0,7.6399998664856,0.449999988079071,2.53999996185303,0.0,87,13,145,797,2997,1,492,502,0.7603383076619543,0.23872179322315748
7086361926,2016-04-21,9469,6.17999982833862,6.17999982833862,0.0,1.36000001430511,0.300000011920929,4.51000022888184,0.0,19,6,206,758,2463,1,390,411,0.2686084259442932,0.7297735200899303
7086361926,2016-04-22,9753,6.53000020980835,6.53000020980835,0.0,2.86999988555908,0.970000028610229,2.67000007629395,0.0,58,59,153,762,2846,1,428,448,0.5880550981302357,0.4088820812415123
7086361926,2016-04-24,3520,2.16000008583069,2.16000008583069,0.0,0.0,0.0,2.15000009536743,0.0,0,0,125,566,2049,1,681,704,0.0,0.9953703749694925
7086361926,2016-04-25,10091,6.82000017166138,6.82000017166138,0.0,3.75,0.699999988079071,2.36999988555908,0.0,69,39,129,706,2752,1,446,447,0.6524926504503347,0.3475073058512458
7086361926,2016-04-26,10387,7.07000017166138,7.07000017166138,0.0,4.15999984741211,0.769999980926514,2.11999988555908,0.0,70,33,132,726,2781,1,485,500,0.6973125471905219,0.29985853381682465
7086361926,2016-04-27,11107,8.34000015258789,8.34000015258789,0.0,5.63000011444092,0.180000007152557,2.52999997138977,0.0,55,6,145,829,2693,1,469,479,0.6966426876851606,0.30335730516799986
7086361926,2016-04-28,11584,7.80000019073486,7.80000019073486,0.0,2.78999996185303,1.63999998569489,3.35999989509583,0.0,54,48,161,810,2862,1,354,367,0.5679486973359364,0.4307692067862982
7086361926,2016-04-30,14560,9.40999984741211,9.40999984741211,0.0,3.11999988555908,1.03999996185303,5.23999977111816,0.0,42,17,308,584,2995,1,485,489,0.44208288149506947,0.5568543949083312
7086361926,2016-05-01,12390,8.06999969482422,8.06999969482422,0.0,2.29999995231628,0.899999976158142,4.84999990463257,0.0,30,15,258,685,2730,1,388,407,0.3965303654877182,0.6009913368080012
7086361926,2016-05-02,10052,6.80999994277954,6.80999994277954,0.0,3.48000001907349,0.660000026226044,2.66000008583069,0.0,66,26,139,737,2754,1,440,459,0.6079295271784935,0.3906020716859207
7086361926,2016-05-03,10288,6.76000022888184,6.76000022888184,0.0,2.74000000953674,0.850000023841858,3.16000008583069,0.0,57,36,152,761,2754,1,456,461,0.5310650757141192,0.4674556181713887
7086361926,2016-05-04,10988,8.3100004196167,8.3100004196167,0.0,5.28000020980835,0.119999997317791,2.90000009536743,0.0,45,12,135,843,2655,1,420,436,0.6498194866968752,0.3489771298352345
7086361926,2016-05-06,12461,8.38000011444092,8.38000011444092,0.0,3.8199999332428,1.42999994754791,3.11999988555908,0.0,84,35,154,834,2924,1,322,333,0.626491623996949,0.3723150170585927
7086361926,2016-05-07,12827,8.47999954223633,8.47999954223633,0.0,1.46000003814697,2.32999992370605,4.67999982833862,0.0,20,42,209,621,2739,1,530,548,0.44693398189188205,0.5518868020014561
7086361926,2016-05-08,10677,7.09999990463257,7.09999990463257,0.0,2.30999994277954,1.52999997138977,3.25,0.0,32,27,147,695,2534,1,481,510,0.5408450655983541,0.45774648502170506
7086361926,2016-05-09,13566,9.10999965667725,9.10999965667725,0.0,4.26000022888184,1.71000003814697,3.11999988555908,0.0,67,50,171,743,2960,1,427,438,0.6553238739864331,0.3424807906850194
7086361926,2016-05-11,9572,6.51999998092651,6.51999998092651,0.0,2.89000010490417,1.38999998569489,2.23000001907349,0.0,57,40,128,757,2735,1,451,463,0.6564417336073152,0.3420245438032349
7086361926,2016-05-12,3789,2.55999994277954,2.55999994277954,0.0,0.379999995231628,0.270000010728836,1.88999998569489,0.0,5,4,58,343,1199,1,444,457,0.2539062580035535,0.7382812609139388
8053475328,2016-04-20,15108,12.1899995803833,12.1899995803833,0.0,9.57999992370605,0.230000004172325,2.38000011444092,0.0,89,5,158,695,3043,1,486,493,0.8047580201450598,0.1952420177496088
8053475328,2016-04-23,22359,17.1900005340576,17.1900005340576,0.0,12.539999961853,0.629999995231628,4.01999998092651,0.0,125,14,223,741,3554,1,331,337,0.7661430801582371,0.23385688516774075
8053475328,2016-05-07,19769,15.6700000762939,15.6700000762939,0.0,12.4399995803833,0.879999995231628,2.34999990463257,0.0,121,20,148,1076,3331,1,74,75,0.8500318768833875,0.14996808507919082
8378563200,2016-04-12,7626,6.05000019073486,6.05000019073486,2.25308108329773,0.829999983310699,0.709999978542328,4.5,0.0,65,15,156,723,3635,1,338,356,0.2545454402152625,0.7438016294431571
8378563200,2016-04-13,12386,9.81999969482422,9.81999969482422,2.0921471118927,4.96000003814697,0.649999976158142,4.21000003814697,0.0,116,14,169,680,4079,2,447,487,0.571283114933491,0.42871692148482593
8378563200,2016-04-14,13318,10.5600004196167,10.5600004196167,2.25308108329773,5.61999988555908,1.02999997138977,3.91000008583069,0.0,123,21,174,699,4163,1,424,455,0.629734809914925,0.3702651449300428
8378563200,2016-04-15,14461,11.4700002670288,11.4700002670288,0.0,4.90999984741211,1.14999997615814,5.40999984741211,0.0,60,23,190,729,3666,1,513,533,0.5283347587174938,0.4716651893168196
8378563200,2016-04-16,11207,8.89000034332275,8.89000034332275,0.0,5.36999988555908,1.07000005245209,2.44000005722046,0.0,64,21,142,563,3363,2,611,689,0.7244094138700717,0.27446568762543816
8378563200,2016-04-17,2132,1.69000005722046,1.69000005722046,0.0,0.0,0.0,1.69000005722046,0.0,0,0,93,599,2572,2,525,591,0.0,1.0
8378563200,2016-04-18,13630,10.8100004196167,10.8100004196167,2.0921471118927,5.05000019073486,0.560000002384186,5.19999980926514,0.0,117,10,174,720,4157,1,398,451,0.5189639200141645,0.48103604138893474
8378563200,2016-04-19,13070,10.3599996566772,10.3599996566772,2.25308108329773,5.30000019073486,0.879999995231628,4.17999982833862,0.0,120,19,154,737,4092,1,387,421,0.596525134243935,0.4034749002761345
8378563200,2016-04-20,9388,7.44000005722046,7.44000005722046,2.0921471118927,2.23000001907349,0.439999997615814,4.78000020980835,0.0,82,8,169,763,3787,1,381,409,0.3588709672250729,0.6424731415384061
8378563200,2016-04-21,15148,12.0100002288818,12.0100002288818,2.25308108329773,6.90000009536743,0.819999992847443,4.28999996185303,0.0,137,16,145,677,4236,1,396,417,0.6427976637044285,0.35720232140682096
8378563200,2016-04-22,12200,9.67000007629395,9.67000007629395,2.0921471118927,4.90999984741211,0.589999973773956,4.17999982833862,0.0,113,12,159,769,4044,1,441,469,0.5687693668864948,0.43226471513541237
8378563200,2016-04-23,5709,4.53000020980835,4.53000020980835,0.0,1.51999998092651,0.519999980926514,2.48000001907349,0.0,19,10,136,740,2908,1,565,591,0.45033109654962467,0.5474613475080636
8378563200,2016-04-24,3703,2.94000005722046,2.94000005722046,0.0,0.0,0.0,2.94000005722046,0.0,0,0,135,734,2741,1,458,492,0.0,1.0
8378563200,2016-04-25,12405,9.84000015258789,9.84000015258789,2.0921471118927,5.05000019073486,0.870000004768372,3.92000007629395,0.0,117,16,141,692,4005,1,388,402,0.6016260267990229,0.3983739853157423
8378563200,2016-04-25,12405,9.84000015258789,9.84000015258789,2.0921471118927,5.05000019073486,0.870000004768372,3.92000007629395,0.0,117,16,141,692,4005,1,388,402,0.6016260267990229,0.3983739853157423
8378563200,2016-04-26,16208,12.8500003814697,12.8500003814697,0.0,7.51000022888184,0.920000016689301,4.42000007629395,0.0,90,18,161,593,3763,1,550,584,0.656031128040089,0.3439688673214202
8378563200,2016-04-27,7359,5.84000015258789,5.84000015258789,0.0,0.330000013113022,0.180000007152557,5.32999992370605,0.0,4,4,192,676,3061,1,531,600,0.08732876831168948,0.912671195966349
8378563200,2016-04-28,5417,4.30000019073486,4.30000019073486,0.0,0.899999976158142,0.490000009536743,2.91000008583069,0.0,11,10,139,711,2884,1,506,556,0.32325579628807816,0.6767441759888335
8378563200,2016-04-29,6175,4.90000009536743,4.90000009536743,0.0,0.25,0.360000014305115,4.26999998092651,0.0,3,7,172,767,2982,1,527,562,0.12448979641486593,0.8714285505756345
8378563200,2016-04-30,2946,2.33999991416931,2.33999991416931,0.0,0.0,0.0,2.33999991416931,0.0,0,0,121,780,2660,1,468,555,0.0,1.0
8378563200,2016-05-01,11419,9.0600004196167,9.0600004196167,0.0,6.03000020980835,0.560000002384186,2.47000002861023,0.0,71,10,127,669,3369,1,475,539,0.7273730581649728,0.2726269220983908
8378563200,2016-05-02,6064,4.80999994277954,4.80999994277954,2.0921471118927,0.629999995231628,0.170000001788139,4.01000022888184,0.0,63,4,142,802,3491,1,351,385,0.16632016767914418,0.8336798911819931
8378563200,2016-05-03,8712,6.90999984741211,6.90999984741211,2.25308108329773,1.3400000333786,1.05999994277954,4.5,0.0,71,20,195,822,3784,1,405,429,0.3473227249139481,0.6512301156830432
8378563200,2016-05-04,7875,6.23999977111816,6.23999977111816,0.0,1.55999994277954,0.490000009536743,4.19999980926514,0.0,19,10,167,680,3110,1,441,477,0.32852564543426876,0.6730769171987538
8378563200,2016-05-05,8567,6.78999996185303,6.78999996185303,2.25308108329773,0.889999985694885,0.159999996423721,5.73999977111816,0.0,66,3,214,764,3783,1,381,417,0.1546391734930224,0.8453607957829327
8378563200,2016-05-06,7045,5.59000015258789,5.59000015258789,2.0921471118927,1.54999995231628,0.25,3.77999997138977,0.0,74,5,166,831,3644,1,323,355,0.3220035604977525,0.6762074898405539
8378563200,2016-05-07,4468,3.53999996185303,3.53999996185303,0.0,0.0,0.0,3.53999996185303,0.0,0,0,158,851,2799,2,459,513,0.0,1.0
8378563200,2016-05-08,2943,2.32999992370605,2.32999992370605,0.0,0.0,0.0,2.32999992370605,0.0,0,0,139,621,2685,1,545,606,0.0,1.0
8378563200,2016-05-09,8382,6.65000009536743,6.65000009536743,2.0921471118927,1.26999998092651,0.660000026226044,4.71999979019165,0.0,71,13,171,772,3721,1,359,399,0.29022556082323125,0.7097743943612467
8378563200,2016-05-10,6582,5.21999979019165,5.21999979019165,2.25308108329773,0.660000026226044,0.639999985694885,3.92000007629395,0.0,63,13,152,840,3586,1,342,391,0.2490421578873665,0.7509578992052084
8378563200,2016-05-11,9143,7.25,7.25,2.0921471118927,1.38999998569489,0.589999973773956,5.26999998092651,0.0,72,10,184,763,3788,1,368,387,0.2731034426853581,0.7268965490933117
8378563200,2016-05-12,4561,3.61999988555908,3.61999988555908,0.0,0.649999976158142,0.270000010728836,2.69000005722046,0.0,8,6,102,433,1976,1,496,546,0.25414365082083185,0.7430939619505018
8792009665,2016-04-12,2564,1.63999998569489,1.63999998569489,0.0,0.0,0.0,1.63999998569489,0.0,0,0,116,831,2044,1,458,493,0.0,1.0
8792009665,2016-04-13,1320,0.839999973773956,0.839999973773956,0.0,0.0,0.0,0.839999973773956,0.0,0,0,82,806,1934,1,531,552,0.0,1.0
8792009665,2016-04-14,1219,0.779999971389771,0.779999971389771,0.0,0.0,0.0,0.779999971389771,0.0,0,0,84,853,1963,1,486,503,0.0,1.0
8792009665,2016-04-15,2483,1.5900000333786,1.5900000333786,0.0,0.0,0.0,1.5900000333786,0.0,0,0,126,937,2009,1,363,377,0.0,1.0
8792009665,2016-04-20,3147,2.00999999046326,2.00999999046326,0.0,0.0,0.280000001192093,1.74000000953674,0.0,0,10,139,744,2188,1,528,547,0.1393034838410916,0.8656716506429978
8792009665,2016-04-22,4068,2.59999990463257,2.59999990463257,0.0,0.0500000007450581,0.280000001192093,2.26999998092651,0.0,1,20,195,817,2419,1,391,407,0.12692308232364588,0.8730769477652365
8792009665,2016-04-23,5245,3.35999989509583,3.35999989509583,0.0,0.159999996423721,0.439999997615814,2.75,0.0,8,45,232,795,2748,1,339,360,0.1785714323727449,0.8184524065056757
8792009665,2016-04-27,1758,1.12999999523163,1.12999999523163,0.0,0.0,0.0,1.12999999523163,0.0,0,0,112,900,2067,1,423,428,0.0,1.0
8792009665,2016-04-28,6157,3.94000005722046,3.94000005722046,0.0,0.0,0.0,3.94000005722046,0.0,0,0,310,714,2780,1,402,416,0.0,1.0
8792009665,2016-04-29,8360,5.34999990463257,5.34999990463257,0.0,0.140000000596046,0.280000001192093,4.92999982833862,0.0,6,14,380,634,3101,1,398,406,0.07850467463082768,0.9214953114428523
8792009665,2016-04-30,7174,4.59000015258789,4.59000015258789,0.0,0.330000013113022,0.360000014305115,3.91000008583069,0.0,10,20,301,749,2896,1,343,360,0.15032679836167498,0.8518518422327701
8792009665,2016-05-01,1619,1.03999996185303,1.03999996185303,0.0,0.0,0.0,1.03999996185303,0.0,0,0,79,834,1962,1,503,527,0.0,1.0
8792009665,2016-05-02,1831,1.16999995708466,1.16999995708466,0.0,0.0,0.0,1.16999995708466,0.0,0,0,101,916,2015,1,415,423,0.0,1.0
8792009665,2016-05-03,2421,1.54999995231628,1.54999995231628,0.0,0.0,0.0,1.54999995231628,0.0,0,0,156,739,2297,1,516,545,0.0,1.0
8792009665,2016-05-04,2283,1.46000003814697,1.46000003814697,0.0,0.0,0.0,1.46000003814697,0.0,0,0,129,848,2067,1,439,463,0.0,1.0
